<code_scheme name="Default copy" version="173">
  <option name="RIGHT_MARGIN" value="150" />
  <option name="FORMATTER_ON_TAG" value="clang-format on" />
  <option name="FORMATTER_OFF_TAG" value="clang-format off" />
  <Objective-C>
    <option name="INDENT_NAMESPACE_MEMBERS" value="0" />
    <option name="INDENT_PREPROCESSOR_DIRECTIVE" value="4" />
    <option name="KEEP_CASE_EXPRESSIONS_IN_ONE_LINE" value="true" />
    <option name="FUNCTION_BRACE_PLACEMENT" value="5" />
    <option name="FUNCTION_NON_TOP_AFTER_RETURN_TYPE_WRAP" value="0" />
    <option name="FUNCTION_PARAMETERS_ALIGN_MULTILINE_PARS" value="true" />
    <option name="LAMBDA_CAPTURE_LIST_ALIGN_MULTILINE" value="true" />
    <option name="LAMBDA_CAPTURE_LIST_ALIGN_MULTILINE_BRACKET" value="true" />
    <option name="STRUCTURED_BINDING_LIST_ALIGN_MULTILINE" value="true" />
    <option name="STRUCTURED_BINDING_LIST_ALIGN_MULTILINE_BRACKET" value="true" />
    <option name="FUNCTION_CALL_ARGUMENTS_ALIGN_MULTILINE_PARS" value="true" />
    <option name="TEMPLATE_DECLARATION_STRUCT_WRAP" value="5" />
    <option name="TEMPLATE_PARAMETERS_ALIGN_MULTILINE" value="true" />
    <option name="TEMPLATE_PARAMETERS_ALIGN_MULTILINE_PARS" value="true" />
    <option name="TEMPLATE_CALL_ARGUMENTS_ALIGN_MULTILINE" value="true" />
    <option name="TEMPLATE_CALL_ARGUMENTS_ALIGN_MULTILINE_PARS" value="true" />
    <option name="SPACE_BEFORE_TEMPLATE_DECLARATION_LT" value="true" />
    <option name="SPACE_WITHIN_EMPTY_TEMPLATE_DECLARATION_LTGT" value="true" />
    <option name="SPACE_WITHIN_EMPTY_TEMPLATE_CALL_LTGT" value="true" />
    <option name="SPACE_WITHIN_TEMPLATE_DOUBLE_GT" value="false" />
    <option name="SPACE_WITHIN_EMPTY_BRACES" value="true" />
    <option name="SPACE_BEFORE_SUPERCLASS_COLON" value="false" />
    <option name="DISCHARGED_SHORT_TERNARY_OPERATOR" value="true" />
    <option name="INSERT_VIRTUAL_WITH_OVERRIDE" value="true" />
    <option name="ADD_BRIEF_TAG" value="true" />
    <option name="HEADER_GUARD_STYLE_PATTERN" value="_${FILE_NAME}_${EXT}_" />
  </Objective-C>
  <Objective-C-extensions>
    <rules>
      <rule entity="NAMESPACE" visibility="ANY" specifier="ANY" prefix="" style="PASCAL_CASE" suffix="" />
      <rule entity="MACRO" visibility="ANY" specifier="ANY" prefix="" style="SCREAMING_SNAKE_CASE" suffix="" />
      <rule entity="CLASS" visibility="ANY" specifier="ANY" prefix="" style="PASCAL_CASE" suffix="" />
      <rule entity="STRUCT" visibility="ANY" specifier="ANY" prefix="" style="PASCAL_CASE" suffix="" />
      <rule entity="ENUM" visibility="ANY" specifier="ANY" prefix="" style="PASCAL_CASE" suffix="" />
      <rule entity="ENUMERATOR" visibility="ANY" specifier="ANY" prefix="" style="PASCAL_CASE" suffix="" />
      <rule entity="TYPEDEF" visibility="ANY" specifier="ANY" prefix="" style="CAMEL_CASE" suffix="" />
      <rule entity="UNION" visibility="ANY" specifier="ANY" prefix="" style="CAMEL_CASE" suffix="" />
      <rule entity="CLASS_MEMBER_FUNCTION" visibility="PUBLIC" specifier="ANY" prefix="" style="PASCAL_CASE" suffix="" />
      <rule entity="CLASS_MEMBER_FUNCTION" visibility="PRIVATE" specifier="ANY" prefix="" style="CAMEL_CASE" suffix="" />
      <rule entity="CLASS_MEMBER_FIELD" visibility="PUBLIC" specifier="ANY" prefix="" style="CAMEL_CASE" suffix="" />
      <rule entity="CLASS_MEMBER_FIELD" visibility="PRIVATE" specifier="ANY" prefix="" style="PASCAL_CASE" suffix="" />
      <rule entity="STRUCT_MEMBER_FUNCTION" visibility="ANY" specifier="ANY" prefix="" style="PASCAL_CASE" suffix="" />
      <rule entity="STRUCT_MEMBER_FIELD" visibility="ANY" specifier="ANY" prefix="" style="NONE" suffix="" />
      <rule entity="LOCAL_VARIABLE" visibility="ANY" specifier="ANY" prefix="" style="CAMEL_CASE" suffix="" />
      <rule entity="GLOBAL_FUNCTION" visibility="ANY" specifier="ANY" prefix="" style="PASCAL_CASE" suffix="" />
      <rule entity="GLOBAL_VARIABLE" visibility="ANY" specifier="ANY" prefix="" style="NONE" suffix="" />
      <rule entity="PARAMETER" visibility="ANY" specifier="ANY" prefix="" style="CAMEL_CASE" suffix="" />
    </rules>
  </Objective-C-extensions>
  <Objective-C-extensions>
    <rules>
      <rule entity="NAMESPACE" visibility="ANY" specifier="ANY" prefix="" style="PASCAL_CASE" suffix="" />
      <rule entity="MACRO" visibility="ANY" specifier="ANY" prefix="" style="SCREAMING_SNAKE_CASE" suffix="" />
      <rule entity="CLASS" visibility="ANY" specifier="ANY" prefix="" style="PASCAL_CASE" suffix="" />
      <rule entity="STRUCT" visibility="ANY" specifier="ANY" prefix="" style="PASCAL_CASE" suffix="" />
      <rule entity="ENUM" visibility="ANY" specifier="ANY" prefix="" style="PASCAL_CASE" suffix="" />
      <rule entity="ENUMERATOR" visibility="ANY" specifier="ANY" prefix="" style="PASCAL_CASE" suffix="" />
      <rule entity="TYPEDEF" visibility="ANY" specifier="ANY" prefix="" style="CAMEL_CASE" suffix="" />
      <rule entity="UNION" visibility="ANY" specifier="ANY" prefix="" style="CAMEL_CASE" suffix="" />
      <rule entity="CLASS_MEMBER_FUNCTION" visibility="PUBLIC" specifier="ANY" prefix="" style="PASCAL_CASE" suffix="" />
      <rule entity="CLASS_MEMBER_FUNCTION" visibility="PRIVATE" specifier="ANY" prefix="" style="CAMEL_CASE" suffix="" />
      <rule entity="CLASS_MEMBER_FIELD" visibility="PUBLIC" specifier="ANY" prefix="" style="CAMEL_CASE" suffix="" />
      <rule entity="CLASS_MEMBER_FIELD" visibility="PRIVATE" specifier="ANY" prefix="" style="PASCAL_CASE" suffix="" />
      <rule entity="STRUCT_MEMBER_FUNCTION" visibility="ANY" specifier="ANY" prefix="" style="PASCAL_CASE" suffix="" />
      <rule entity="STRUCT_MEMBER_FIELD" visibility="ANY" specifier="ANY" prefix="" style="NONE" suffix="" />
      <rule entity="LOCAL_VARIABLE" visibility="ANY" specifier="ANY" prefix="" style="CAMEL_CASE" suffix="" />
      <rule entity="GLOBAL_FUNCTION" visibility="ANY" specifier="ANY" prefix="" style="PASCAL_CASE" suffix="" />
      <rule entity="GLOBAL_VARIABLE" visibility="ANY" specifier="ANY" prefix="" style="NONE" suffix="" />
      <rule entity="PARAMETER" visibility="ANY" specifier="ANY" prefix="" style="CAMEL_CASE" suffix="" />
    </rules>
  </Objective-C-extensions>
  <files>
    <extensions>
      <pair source="cc" header="hh" fileNamingConvention="SNAKE_CASE" />
      <pair source="c" header="h" fileNamingConvention="SNAKE_CASE" />
      <pair source="cu" header="cuh" fileNamingConvention="NONE" />
      <pair source="ixx" header="" fileNamingConvention="NONE" />
      <pair source="mxx" header="" fileNamingConvention="NONE" />
      <pair source="cppm" header="" fileNamingConvention="NONE" />
      <pair source="ccm" header="" fileNamingConvention="NONE" />
      <pair source="cxxm" header="" fileNamingConvention="NONE" />
      <pair source="c++m" header="" fileNamingConvention="NONE" />
    </extensions>
  </files>
  <codeStyleSettings language="ObjectiveC">
    <option name="KEEP_CONTROL_STATEMENT_IN_ONE_LINE" value="false" />
    <option name="KEEP_BLANK_LINES_IN_DECLARATIONS" value="1" />
    <option name="KEEP_BLANK_LINES_IN_CODE" value="1" />
    <option name="KEEP_BLANK_LINES_BEFORE_RBRACE" value="1" />
    <option name="BLANK_LINES_AROUND_FIELD_IN_INTERFACE" value="1" />
    <option name="INDENT_CASE_FROM_SWITCH" value="false" />
    <option name="SPACE_AROUND_BITWISE_OPERATORS" value="false" />
    <option name="SPACE_AROUND_LAMBDA_ARROW" value="false" />
    <option name="SPACE_WITHIN_ARRAY_INITIALIZER_BRACES" value="true" />
    <option name="SPACE_AFTER_TYPE_CAST" value="false" />
    <option name="SPACE_BEFORE_IF_PARENTHESES" value="false" />
    <option name="SPACE_BEFORE_WHILE_PARENTHESES" value="false" />
    <option name="SPACE_BEFORE_FOR_PARENTHESES" value="false" />
    <option name="SPACE_BEFORE_CATCH_PARENTHESES" value="false" />
    <option name="SPACE_BEFORE_SWITCH_PARENTHESES" value="false" />
    <option name="BINARY_OPERATION_WRAP" value="0" />
    <option name="BINARY_OPERATION_SIGN_ON_NEXT_LINE" value="true" />
    <option name="FOR_STATEMENT_WRAP" value="5" />
    <option name="ARRAY_INITIALIZER_WRAP" value="5" />
    <option name="IF_BRACE_FORCE" value="1" />
    <option name="DOWHILE_BRACE_FORCE" value="1" />
    <option name="WHILE_BRACE_FORCE" value="1" />
    <option name="FOR_BRACE_FORCE" value="1" />
    <indentOptions>
      <option name="USE_TAB_CHARACTER" value="true" />
      <option name="SMART_TABS" value="true" />
      <option name="LABEL_INDENT_ABSOLUTE" value="true" />
    </indentOptions>
  </codeStyleSettings>
</code_scheme>