<code_scheme name="Default copy" version="173">
  <option name="RIGHT_MARGIN" value="150" />
  <option name="FORMATTER_ON_TAG" value="clang-format on" />
  <option name="FORMATTER_OFF_TAG" value="clang-format off" />
  <Objective-C>
    <option name="INDENT_NAMESPACE_MEMBERS" value="0" />
    <option name="INDENT_PREPROCESSOR_DIRECTIVE" value="4" />
    <option name="KEEP_CASE_EXPRESSIONS_IN_ONE_LINE" value="true" />
    <option name="FUNCTION_BRACE_PLACEMENT" value="5" />
    <option name="FUNCTION_NON_TOP_AFTER_RETURN_TYPE_WRAP" value="0" />
    <option name="FUNCTION_PARAMETERS_ALIGN_MULTILINE_PARS" value="true" />
    <option name="LAMBDA_CAPTURE_LIST_ALIGN_MULTILINE" value="true" />
    <option name="LAMBDA_CAPTURE_LIST_ALIGN_MULTILINE_BRACKET" value="true" />
    <option name="STRUCTURED_BINDING_LIST_ALIGN_MULTILINE" value="true" />
    <option name="STRUCTURED_BINDING_LIST_ALIGN_MULTILINE_BRACKET" value="true" />
    <option name="FUNCTION_CALL_ARGUMENTS_ALIGN_MULTILINE_PARS" value="true" />
    <option name="TEMPLATE_DECLARATION_STRUCT_WRAP" value="5" />
    <option name="TEMPLATE_PARAMETERS_ALIGN_MULTILINE" value="true" />
    <option name="TEMPLATE_PARAMETERS_ALIGN_MULTILINE_PARS" value="true" />
    <option name="TEMPLATE_CALL_ARGUMENTS_ALIGN_MULTILINE" value="true" />
    <option name="TEMPLATE_CALL_ARGUMENTS_ALIGN_MULTILINE_PARS" value="true" />
    <option name="SPACE_BEFORE_TEMPLATE_DECLARATION_LT" value="true" />
    <option name="SPACE_WITHIN_EMPTY_TEMPLATE_DECLARATION_LTGT" value="true" />
    <option name="SPACE_WITHIN_EMPTY_TEMPLATE_CALL_LTGT" value="true" />
    <option name="SPACE_WITHIN_TEMPLATE_DOUBLE_GT" value="false" />
    <option name="SPACE_WITHIN_EMPTY_BRACES" value="true" />
    <option name="SPACE_BEFORE_SUPERCLASS_COLON" value="false" />
    <option name="DISCHARGED_SHORT_TERNARY_OPERATOR" value="true" />
    <option name="INSERT_VIRTUAL_WITH_OVERRIDE" value="true" />
    <option name="ADD_BRIEF_TAG" value="true" />
    <option name="HEADER_GUARD_STYLE_PATTERN" value="_${FILE_NAME}_${EXT}_" />
  </Objective-C>
  <RiderCodeStyleSettings>
    <option name="/Default/CodeStyle/CodeFormatting/CppClangFormat/EnableClangFormatSupport/@EntryValue" />
    <option name="/Default/CodeStyle/EditorConfig/EnableClangFormatSupport/@EntryValue" value="false" type="bool" />
    <option name="/Default/CodeStyle/CodeFormatting/CppFormatting/ALIGN_MULTILINE_BINARY_EXPRESSIONS_CHAIN/@EntryValue" value="true" type="bool" />
    <option name="/Default/CodeStyle/CodeFormatting/CppFormatting/ALIGN_MULTILINE_CALLS_CHAIN/@EntryValue" />
    <option name="/Default/CodeStyle/CodeFormatting/CppFormatting/ALIGN_MULTILINE_EXPRESSION/@EntryValue" value="false" type="bool" />
    <option name="/Default/CodeStyle/CodeFormatting/CppFormatting/ALIGN_MULTILINE_FOR_STMT/@EntryValue" value="true" type="bool" />
    <option name="/Default/CodeStyle/CodeFormatting/CppFormatting/ALIGN_MULTIPLE_DECLARATION/@EntryValue" />
    <option name="/Default/CodeStyle/CodeFormatting/CppFormatting/ALIGN_TERNARY/@EntryValue" value="ALIGN_ALL" type="string" />
    <option name="/Default/CodeStyle/CodeFormatting/CppFormatting/BLANK_LINES_AROUND_CLASS_DEFINITION/@EntryValue" value="1" type="int" />
    <option name="/Default/CodeStyle/CodeFormatting/CppFormatting/KEEP_BLANK_LINES_IN_DECLARATIONS/@EntryValue" value="1" type="int" />
    <option name="/Default/CodeStyle/CodeFormatting/CppFormatting/KEEP_BLANK_LINES_IN_CODE/@EntryValue" value="1" type="int" />
    <option name="/Default/CodeStyle/CodeFormatting/CppFormatting/KEEP_USER_LINEBREAKS/@EntryValue" value="true" type="bool" />
    <option name="/Default/CodeStyle/CodeFormatting/CppFormatting/INDENT_CASE_FROM_SWITCH/@EntryValue" value="false" type="bool" />
    <option name="/Default/CodeStyle/CodeFormatting/CppFormatting/INDENT_COMMENT/@EntryValue" />
    <option name="/Default/CodeStyle/CodeFormatting/CppFormatting/INT_ALIGN_EQ/@EntryValue" value="true" type="bool" />
    <option name="/Default/CodeStyle/CodeFormatting/CppFormatting/SIMPLE_BLOCK_STYLE/@EntryValue" value="ON_SINGLE_LINE" type="string" />
    <option name="/Default/CodeStyle/CodeFormatting/CppFormatting/SPACE_AFTER_COMMA_IN_TEMPLATE_ARGS/@EntryValue" />
    <option name="/Default/CodeStyle/CodeFormatting/CppFormatting/SPACE_AFTER_COMMA_IN_TEMPLATE_PARAMS/@EntryValue" />
    <option name="/Default/CodeStyle/CodeFormatting/CppFormatting/SPACE_AFTER_FOR_SEMICOLON/@EntryValue" value="true" type="bool" />
    <option name="/Default/CodeStyle/CodeFormatting/CppFormatting/SPACE_BEFORE_FOR_SEMICOLON/@EntryValue" value="false" type="bool" />
    <option name="/Default/CodeStyle/CodeFormatting/CppFormatting/SPACE_AFTER_UNARY_OPERATOR/@EntryValue" />
    <option name="/Default/CodeStyle/CodeFormatting/CppFormatting/SPACE_WITHIN_ARRAY_ACCESS_BRACKETS/@EntryValue" value="false" type="bool" />
    <option name="/Default/CodeStyle/CodeFormatting/CppFormatting/SPACE_WITHIN_CAST_EXPRESSION_PARENTHESES/@EntryValue" value="false" type="bool" />
    <option name="/Default/CodeStyle/CodeFormatting/CppFormatting/SPACE_WITHIN_EMPTY_INITIALIZER_BRACES/@EntryValue" value="true" type="bool" />
    <option name="/Default/CodeStyle/CodeFormatting/CppFormatting/SPACE_WITHIN_EMPTY_METHOD_PARENTHESES/@EntryValue" value="false" type="bool" />
    <option name="/Default/CodeStyle/CodeFormatting/CppFormatting/SPACE_WITHIN_INITIALIZER_BRACES/@EntryValue" value="true" type="bool" />
    <option name="/Default/CodeStyle/CodeFormatting/CppFormatting/SPECIAL_ELSE_IF_TREATMENT/@EntryValue" value="true" type="bool" />
    <option name="/Default/CodeStyle/CodeFormatting/CppFormatting/WRAP_AFTER_BINARY_OPSIGN/@EntryValue" value="false" type="bool" />
    <option name="/Default/CodeStyle/CodeFormatting/CppFormatting/WRAP_BEFORE_TERNARY_OPSIGNS/@EntryValue" value="true" type="bool" />
    <option name="/Default/CodeStyle/CodeFormatting/CppFormatting/TYPE_DECLARATION_BRACES/@EntryValue" value="END_OF_LINE" type="string" />
    <option name="/Default/CodeStyle/CodeFormatting/CppFormatting/OTHER_BRACES/@EntryValue" value="END_OF_LINE" type="string" />
    <option name="/Default/CodeStyle/CodeFormatting/CppFormatting/CASE_BLOCK_BRACES/@EntryValue" value="END_OF_LINE" type="string" />
    <option name="/Default/CodeStyle/CodeFormatting/CppFormatting/BLANK_LINES_AROUND_FUNCTION_DECLARATION/@EntryValue" value="1" type="int" />
    <option name="/Default/CodeStyle/CodeFormatting/CppFormatting/BLANK_LINES_AROUND_FUNCTION_DEFINITION/@EntryValue" value="1" type="int" />
    <option name="/Default/CodeStyle/CodeFormatting/CppFormatting/NAMESPACE_INDENTATION/@EntryValue" value="None" type="string" />
    <option name="/Default/CodeStyle/CodeFormatting/CppFormatting/ALIGN_MULTILINE_ARGUMENT/@EntryValue" value="true" type="bool" />
    <option name="/Default/CodeStyle/CodeFormatting/CppFormatting/ALIGN_MULTILINE_EXTENDS_LIST/@EntryValue" value="true" type="bool" />
    <option name="/Default/CodeStyle/CodeFormatting/CppFormatting/ALIGN_MULTILINE_PARAMETER/@EntryValue" />
    <option name="/Default/CodeStyle/CodeFormatting/CppFormatting/ALIGN_MULTILINE_TYPE_ARGUMENT/@EntryValue" />
    <option name="/Default/CodeStyle/CodeFormatting/CppFormatting/ALIGN_MULTILINE_TYPE_PARAMETER/@EntryValue" />
    <option name="/Default/CodeStyle/CodeFormatting/CppFormatting/BLANK_LINES_AROUND_DECLARATIONS/@EntryValue" value="0" type="int" />
    <option name="/Default/CodeStyle/CodeFormatting/CppFormatting/INDENT_ACCESS_SPECIFIERS_FROM_CLASS/@EntryValue" />
    <option name="/Default/CodeStyle/CodeFormatting/CppFormatting/INDENT_CLASS_MEMBERS_FROM_ACCESS_SPECIFIERS/@EntryValue" value="true" type="bool" />
    <option name="/Default/CodeStyle/CodeFormatting/CppFormatting/LINE_BREAK_AFTER_COLON_IN_MEMBER_INITIALIZER_LISTS/@EntryValue" />
    <option name="/Default/CodeStyle/CodeFormatting/CppFormatting/MEMBER_INITIALIZER_LIST_STYLE/@EntryValue" />
    <option name="/Default/CodeStyle/CodeFormatting/CppFormatting/PLACE_NAMESPACE_DEFINITIONS_ON_SAME_LINE/@EntryValue" />
    <option name="/Default/CodeStyle/CodeFormatting/CppFormatting/SPACE_AFTER_COLON_IN_BITFIELD_DECLARATOR/@EntryValue" value="true" type="bool" />
    <option name="/Default/CodeStyle/CodeFormatting/CppFormatting/SPACE_BEFORE_COLON_IN_BITFIELD_DECLARATOR/@EntryValue" value="false" type="bool" />
    <option name="/Default/CodeStyle/CodeFormatting/CppFormatting/SPACE_AFTER_EXTENDS_COLON/@EntryValue" />
    <option name="/Default/CodeStyle/CodeFormatting/CppFormatting/SPACE_BEFORE_EXTENDS_COLON/@EntryValue" value="false" type="bool" />
    <option name="/Default/CodeStyle/CodeFormatting/CppFormatting/SPACE_AFTER_FOR_COLON/@EntryValue" value="true" type="bool" />
    <option name="/Default/CodeStyle/CodeFormatting/CppFormatting/SPACE_BEFORE_FOR_COLON/@EntryValue" value="false" type="bool" />
    <option name="/Default/CodeStyle/CodeFormatting/CppFormatting/SPACE_AFTER_REF_IN_DATA_MEMBER/@EntryValue" value="false" type="bool" />
    <option name="/Default/CodeStyle/CodeFormatting/CppFormatting/SPACE_BEFORE_REF_IN_DATA_MEMBERS/@EntryValue" value="true" type="bool" />
    <option name="/Default/CodeStyle/CodeFormatting/CppFormatting/SPACE_BEFORE_PTR_IN_ABSTRACT_DECL/@EntryValue" />
    <option name="/Default/CodeStyle/CodeFormatting/CppFormatting/SPACE_BEFORE_REF_IN_ABSTRACT_DECL/@EntryValue" value="true" type="bool" />
    <option name="/Default/CodeStyle/CodeFormatting/CppFormatting/SPACE_BEFORE_TEMPLATE_ARGS/@EntryValue" />
    <option name="/Default/CodeStyle/CodeFormatting/CppFormatting/SPACE_BEFORE_TEMPLATE_PARAMS/@EntryValue" value="false" type="bool" />
    <option name="/Default/CodeStyle/CodeFormatting/CppFormatting/SPACE_WITHIN_DECLARATION_PARENTHESES/@EntryValue" />
    <option name="/Default/CodeStyle/CodeFormatting/CppFormatting/SPACE_WITHIN_EMPTY_BLOCKS/@EntryValue" value="true" type="bool" />
    <option name="/Default/CodeStyle/CodeFormatting/CppFormatting/SPACE_WITHIN_EMPTY_TEMPLATE_PARAMS/@EntryValue" value="true" type="bool" />
    <option name="/Default/CodeStyle/CodeFormatting/CppFormatting/SPACE_WITHIN_TEMPLATE_ARGS/@EntryValue" value="false" type="bool" />
    <option name="/Default/CodeStyle/CodeFormatting/CppFormatting/SPACE_WITHIN_TEMPLATE_PARAMS/@EntryValue" />
    <option name="/Default/CodeStyle/CodeFormatting/CppFormatting/WRAP_BEFORE_INVOCATION_LPAR/@EntryValue" value="false" type="bool" />
    <option name="/Default/CodeStyle/CodeFormatting/CppFormatting/WRAP_AFTER_INVOCATION_LPAR/@EntryValue" value="false" type="bool" />
    <option name="/Default/CodeStyle/CodeFormatting/CppFormatting/WRAP_BEFORE_INVOCATION_RPAR/@EntryValue" value="false" type="bool" />
    <option name="/Default/CodeStyle/CodeFormatting/CppFormatting/WRAP_BEFORE_DECLARATION_LPAR/@EntryValue" />
    <option name="/Default/CodeStyle/CodeFormatting/CppFormatting/WRAP_AFTER_DECLARATION_LPAR/@EntryValue" value="false" type="bool" />
    <option name="/Default/CodeStyle/CodeFormatting/CppFormatting/WRAP_BEFORE_DECLARATION_RPAR/@EntryValue" value="false" type="bool" />
    <option name="/Default/CodeStyle/CodeFormatting/CppFormatting/WRAP_ARGUMENTS_STYLE/@EntryValue" value="CHOP_IF_LONG" type="string" />
    <option name="/Default/CodeStyle/CodeFormatting/CppFormatting/WRAP_PARAMETERS_STYLE/@EntryValue" value="CHOP_IF_LONG" type="string" />
    <option name="/Default/CodeStyle/CodeFormatting/CppFormatting/BREAK_TEMPLATE_DECLARATION/@EntryValue" value="LINE_BREAK" type="string" />
    <option name="/Default/CodeStyle/CodeFormatting/CppFormatting/NAMESPACE_DECLARATION_BRACES/@EntryValue" value="END_OF_LINE" type="string" />
    <option name="/Default/CodeStyle/CodeFormatting/CppFormatting/FREE_BLOCK_BRACES/@EntryValue" value="END_OF_LINE" type="string" />
    <option name="/Default/CodeStyle/CodeFormatting/CppFormatting/INVOCABLE_DECLARATION_BRACES/@EntryValue" value="" type="string" />
    <option name="/Default/CodeStyle/CodeFormatting/CppFormatting/ANONYMOUS_METHOD_DECLARATION_BRACES/@EntryValue" value="END_OF_LINE" type="string" />
    <option name="/Default/CodeStyle/CodeFormatting/CppFormatting/INITIALIZER_BRACES/@EntryValue" value="END_OF_LINE_NO_SPACE" type="string" />
    <option name="/Default/CodeStyle/CodeFormatting/CppFormatting/INDENT_STYLE/@EntryValue" value="Tab" type="string" />
    <option name="/Default/CodeStyle/CodeFormatting/CppFormatting/INDENT_SIZE/@EntryValue" value="4" type="int" />
    <option name="/Default/CodeStyle/CodeFormatting/CppFormatting/CONTINUOUS_LINE_INDENT/@EntryValue" value="Double" type="string" />
    <option name="/Default/CodeStyle/CodeFormatting/CppFormatting/TAB_WIDTH/@EntryValue" value="4" type="int" />
    <option name="/Default/CodeStyle/CodeFormatting/CppFormatting/USE_CONTINUOUS_LINE_INDENT_IN_METHOD_PARS/@EntryValue" />
    <option name="/Default/CodeInspection/Highlighting/InspectionSeverities/=CppEnforceIfStatementBraces/@EntryIndexedValue" />
    <option name="/Default/CodeInspection/Highlighting/InspectionSeverities/=CppEnforceIfStatementBraces/@EntryIndexRemoved" />
    <option name="/Default/CodeStyle/CodeFormatting/CppCodeStyle/BracesInIfStatement/@EntryValue" />
    <option name="/Default/CodeStyle/CodeFormatting/CppCodeStyle/NestedNamespacesStyle/@EntryValue" />
    <option name="/Default/CodeStyle/CodeFormatting/CppCodeStyle/TypeAliasStyle/@EntryValue" value="Typedefs" type="string" />
    <option name="/Default/CodeStyle/Naming/CppNaming/Rules/=_8054_5408/@EntryIndexedValue" value="&lt;NamingElement Priority=&quot;4&quot;&gt;&lt;Descriptor Static=&quot;Indeterminate&quot; Constexpr=&quot;Indeterminate&quot; Const=&quot;Indeterminate&quot; Volatile=&quot;Indeterminate&quot; Accessibility=&quot;NOT_APPLICABLE&quot;&gt;&lt;type Name=&quot;union&quot; /&gt;&lt;/Descriptor&gt;&lt;Policy Inspect=&quot;True&quot; Prefix=&quot;&quot; Suffix=&quot;&quot; Style=&quot;AaBb&quot; /&gt;&lt;/NamingElement&gt;" type="string" />
    <option name="/Default/CodeStyle/Naming/CppNaming/Rules/=_8054_5408/@EntryIndexRemoved" />
    <option name="/Default/CodeStyle/Naming/CppNaming/Rules/=_679A_4E3E/@EntryIndexedValue" value="&lt;NamingElement Priority=&quot;3&quot;&gt;&lt;Descriptor Static=&quot;Indeterminate&quot; Constexpr=&quot;Indeterminate&quot; Const=&quot;Indeterminate&quot; Volatile=&quot;Indeterminate&quot; Accessibility=&quot;NOT_APPLICABLE&quot;&gt;&lt;type Name=&quot;enum&quot; /&gt;&lt;/Descriptor&gt;&lt;Policy Inspect=&quot;True&quot; Prefix=&quot;&quot; Suffix=&quot;&quot; Style=&quot;AaBb&quot; /&gt;&lt;/NamingElement&gt;" type="string" />
    <option name="/Default/CodeStyle/Naming/CppNaming/Rules/=_679A_4E3E/@EntryIndexRemoved" />
    <option name="/Default/CodeStyle/Naming/CppNaming/Rules/=_7C7B_548C_7ED3_6784/@EntryIndexedValue" value="&lt;NamingElement Priority=&quot;1&quot;&gt;&lt;Descriptor Static=&quot;Indeterminate&quot; Constexpr=&quot;Indeterminate&quot; Const=&quot;Indeterminate&quot; Volatile=&quot;Indeterminate&quot; Accessibility=&quot;NOT_APPLICABLE&quot;&gt;&lt;type Name=&quot;__interface&quot; /&gt;&lt;type Name=&quot;class&quot; /&gt;&lt;type Name=&quot;struct&quot; /&gt;&lt;/Descriptor&gt;&lt;Policy Inspect=&quot;True&quot; Prefix=&quot;&quot; Suffix=&quot;&quot; Style=&quot;AaBb&quot; /&gt;&lt;/NamingElement&gt;" type="string" />
    <option name="/Default/CodeStyle/Naming/CppNaming/Rules/=_7C7B_548C_7ED3_6784/@EntryIndexRemoved" />
    <option name="/Default/CodeStyle/Naming/CppNaming/Rules/=_5168_5C40_5E38_91CF/@EntryIndexedValue" value="&lt;NamingElement Priority=&quot;16&quot;&gt;&lt;Descriptor Static=&quot;Indeterminate&quot; Constexpr=&quot;Indeterminate&quot; Const=&quot;True&quot; Volatile=&quot;Indeterminate&quot; Accessibility=&quot;NOT_APPLICABLE&quot;&gt;&lt;type Name=&quot;global variable&quot; /&gt;&lt;/Descriptor&gt;&lt;Policy Inspect=&quot;True&quot; Prefix=&quot;&quot; Suffix=&quot;&quot; Style=&quot;AA_BB&quot; /&gt;&lt;/NamingElement&gt;" type="string" />
    <option name="/Default/CodeStyle/Naming/CppNaming/Rules/=_5168_5C40_5E38_91CF/@EntryIndexRemoved" />
    <option name="/Default/CodeStyle/Naming/CppNaming/Rules/=Typedef/@EntryIndexedValue" value="&lt;NamingElement Priority=&quot;18&quot;&gt;&lt;Descriptor Static=&quot;Indeterminate&quot; Constexpr=&quot;Indeterminate&quot; Const=&quot;Indeterminate&quot; Volatile=&quot;Indeterminate&quot; Accessibility=&quot;NOT_APPLICABLE&quot;&gt;&lt;type Name=&quot;type alias&quot; /&gt;&lt;type Name=&quot;typedef&quot; /&gt;&lt;/Descriptor&gt;&lt;Policy Inspect=&quot;True&quot; Prefix=&quot;&quot; Suffix=&quot;_t&quot; Style=&quot;aa_bb&quot; /&gt;&lt;/NamingElement&gt;" type="string" />
    <option name="/Default/CodeStyle/Naming/CppNaming/Rules/=Typedef/@EntryIndexRemoved" />
    <option name="/Default/CodeStyle/Naming/CppNaming/Rules/=_5168_5C40_53D8_91CF/@EntryIndexedValue" value="&lt;NamingElement Priority=&quot;8&quot;&gt;&lt;Descriptor Static=&quot;Indeterminate&quot; Constexpr=&quot;Indeterminate&quot; Const=&quot;Indeterminate&quot; Volatile=&quot;Indeterminate&quot; Accessibility=&quot;NOT_APPLICABLE&quot;&gt;&lt;type Name=&quot;global variable&quot; /&gt;&lt;/Descriptor&gt;&lt;Policy Inspect=&quot;True&quot; Prefix=&quot;g_&quot; Suffix=&quot;&quot; Style=&quot;aaBb&quot; /&gt;&lt;/NamingElement&gt;" type="string" />
    <option name="/Default/CodeStyle/Naming/CppNaming/Rules/=_5168_5C40_53D8_91CF/@EntryIndexRemoved" />
    <option name="/Default/CodeStyle/CodeFormatting/CppFormatting/EXPORT_DECLARATION_BRACES/@EntryValue" value="END_OF_LINE" type="string" />
    <option name="/Default/CodeStyle/CodeFormatting/CppFormatting/REQUIRES_EXPRESSION_BRACES/@EntryValue" />
    <option name="/Default/CodeStyle/CodeFormatting/CppFormatting/EXPRESSION_BRACES/@EntryValue" />
    <option name="/Default/CodeStyle/CodeFormatting/CppFormatting/EMPTY_BLOCK_STYLE/@EntryValue" value="TOGETHER_SAME_LINE" type="string" />
    <option name="/Default/CodeStyle/CodeFormatting/CppFormatting/ALLOW_COMMENT_AFTER_LBRACE/@EntryValue" value="true" type="bool" />
    <option name="/Default/CodeStyle/CodeFormatting/CppFormatting/BLANK_LINES_AROUND_SINGLE_LINE_FUNCTION_DEFINITION/@EntryValue" value="1" type="long" />
    <option name="/Default/CodeStyle/CodeFormatting/CppFormatting/BLANK_LINES_AROUND_NAMESPACE/@EntryValue" value="0" type="long" />
    <option name="/Default/CodeStyle/CodeFormatting/CppFormatting/BLANK_LINES_AFTER_ACCESS_SPECIFIER/@EntryValue" />
    <option name="/Default/CodeStyle/CodeFormatting/CppFormatting/PLACE_WHILE_ON_NEW_LINE/@EntryValue" />
    <option name="/Default/CodeStyle/CodeFormatting/CppFormatting/TOPLEVEL_FUNCTION_DEFINITION_RETURN_TYPE_STYLE/@EntryValue" value="ON_SINGLE_LINE" type="string" />
    <option name="/Default/CodeStyle/CodeFormatting/CppFormatting/FUNCTION_DECLARATION_RETURN_TYPE_STYLE/@EntryValue" value="ON_SINGLE_LINE" type="string" />
    <option name="/Default/CodeStyle/CodeFormatting/CppFormatting/TOPLEVEL_FUNCTION_DECLARATION_RETURN_TYPE_STYLE/@EntryValue" value="ON_SINGLE_LINE" type="string" />
    <option name="/Default/CodeStyle/CodeFormatting/CppFormatting/LINE_BREAK_AFTER_INIT_STATEMENT/@EntryValue" />
    <option name="/Default/CodeStyle/CodeFormatting/CppFormatting/LINE_BREAK_BEFORE_COMMA_IN_MEMBER_INITIALIZER_LISTS/@EntryValue" />
    <option name="/Default/CodeStyle/CodeFormatting/CppFormatting/LINE_BREAK_AFTER_COMMA_IN_MEMBER_INITIALIZER_LISTS/@EntryValue" />
    <option name="/Default/CodeStyle/CodeFormatting/CppFormatting/PLACE_TYPE_CONSTRAINTS_ON_SAME_LINE/@EntryValue" />
    <option name="/Default/CodeStyle/CodeFormatting/CppFormatting/WRAP_BEFORE_COMMA/@EntryValue" />
    <option name="/Default/CodeStyle/CodeFormatting/CppFormatting/WRAP_BEFORE_COMMA_IN_BASE_CLAUSE/@EntryValue" />
    <option name="/Default/CodeStyle/CodeFormatting/CppFormatting/WRAP_BEFORE_COLON/@EntryValue" />
    <option name="/Default/CodeStyle/CodeFormatting/CppFormatting/WRAP_BRACED_INIT_LIST_STYLE/@EntryValue" value="CHOP_IF_LONG" type="string" />
    <option name="/Default/CodeStyle/CodeFormatting/CppFormatting/WRAP_BASE_CLAUSE_STYLE/@EntryValue" />
    <option name="/Default/CodeStyle/CodeFormatting/CppFormatting/WRAP_CTOR_INITIALIZER_STYLE/@EntryValue" value="CHOP_IF_LONG" type="string" />
    <option name="/Default/CodeStyle/CodeFormatting/CppFormatting/WRAP_AFTER_EXPRESSION_LBRACE/@EntryValue" />
    <option name="/Default/CodeStyle/CodeFormatting/CppFormatting/WRAP_BEFORE_EXPRESSION_RBRACE/@EntryValue" />
    <option name="/Default/CodeStyle/CodeFormatting/CppFormatting/SPACE_BEFORE_PTR_IN_DATA_MEMBER/@EntryValue" value="true" type="bool" />
    <option name="/Default/CodeStyle/CodeFormatting/CppFormatting/SPACE_AFTER_PTR_IN_DATA_MEMBER/@EntryValue" value="false" type="bool" />
    <option name="/Default/CodeStyle/CodeFormatting/CppFormatting/SPACE_BEFORE_PTR_IN_DATA_MEMBERS/@EntryValue" />
    <option name="/Default/CodeStyle/CodeFormatting/CppFormatting/SPACE_AFTER_PTR_IN_DATA_MEMBERS/@EntryValue" />
    <option name="/Default/CodeStyle/CodeFormatting/CppFormatting/SPACE_BEFORE_PTR_IN_METHOD/@EntryValue" value="true" type="bool" />
    <option name="/Default/CodeStyle/CodeFormatting/CppFormatting/SPACE_AFTER_PTR_IN_METHOD/@EntryValue" value="false" type="bool" />
    <option name="/Default/CodeStyle/CodeFormatting/CppFormatting/SPACE_AFTER_PTR_IN_NESTED_DECLARATOR/@EntryValue" />
    <option name="/Default/CodeStyle/CodeFormatting/CppFormatting/SPACE_BEFORE_REF_IN_DATA_MEMBER/@EntryValue" value="true" type="bool" />
    <option name="/Default/CodeStyle/CodeFormatting/CppFormatting/SPACE_AFTER_REF_IN_DATA_MEMBERS/@EntryValue" />
    <option name="/Default/CodeStyle/CodeFormatting/CppFormatting/SPACE_BEFORE_REF_IN_METHOD/@EntryValue" value="true" type="bool" />
    <option name="/Default/CodeStyle/CodeFormatting/CppFormatting/SPACE_AFTER_REF_IN_METHOD/@EntryValue" value="false" type="bool" />
    <option name="/Default/CodeStyle/CodeFormatting/CppFormatting/SPACE_AFTER_COMMA_IN_DECLARATION/@EntryValue" />
    <option name="/Default/CodeStyle/CodeFormatting/CppFormatting/SPACE_BEFORE_COMMA_IN_DECLARATION/@EntryValue" />
    <option name="/Default/CodeStyle/CodeFormatting/CppFormatting/SPACE_BEFORE_LAMBDA_PARENTHESES/@EntryValue" />
    <option name="/Default/CodeStyle/CodeFormatting/CppFormatting/SPACE_BETWEEN_CLOSING_ANGLE_BRACKETS_IN_TEMPLATE_ARGS/@EntryValue" />
    <option name="/Default/CodeStyle/CodeFormatting/CppFormatting/SPACE_EQ_IN_ALIAS/@EntryValue" />
    <option name="/Default/CodeStyle/CodeFormatting/CppFormatting/SPACE_AROUND_DEREF_IN_TRAILING_RETURN_TYPE/@EntryValue" value="false" type="bool" />
    <option name="/Default/CodeStyle/CodeFormatting/CppFormatting/SPACE_BEFORE_TYPE_PARAMETER_CONSTRAINT_COLON/@EntryValue" value="false" type="bool" />
    <option name="/Default/CodeStyle/CodeFormatting/CppFormatting/SPACE_AFTER_TYPE_PARAMETER_CONSTRAINT_COLON/@EntryValue" />
    <option name="/Default/CodeStyle/CodeFormatting/CppFormatting/SPACE_BEFORE_STATEMENT_PARENTHESES/@EntryValue" value="false" type="bool" />
    <option name="/Default/CodeStyle/CodeFormatting/CppFormatting/SPACE_WITHIN_STATEMENT_PARENTHESES/@EntryValue" />
    <option name="/Default/CodeStyle/CodeFormatting/CppFormatting/SPACE_BEFORE_COLON_IN_CASE/@EntryValue" />
    <option name="/Default/CodeStyle/CodeFormatting/CppFormatting/SPACE_AFTER_COLON_IN_CASE/@EntryValue" />
    <option name="/Default/CodeStyle/CodeFormatting/CppFormatting/SPACE_AROUND_ASSIGNMENT_OPERATOR/@EntryValue" />
    <option name="/Default/CodeStyle/CodeFormatting/CppFormatting/SPACE_AROUND_DOT/@EntryValue" />
    <option name="/Default/CodeStyle/CodeFormatting/CppFormatting/SPACE_BEFORE_METHOD_CALL_PARENTHESES/@EntryValue" />
    <option name="/Default/CodeStyle/CodeFormatting/CppFormatting/SPACE_AFTER_TERNARY_QUEST/@EntryValue" />
    <option name="/Default/CodeStyle/CodeFormatting/CppFormatting/SPACE_BEFORE_INITIALIZER_BRACES/@EntryValue" value="true" type="bool" />
    <option name="/Default/CodeStyle/CodeFormatting/CppFormatting/SPACE_BEFORE_ELLIPSIS_IN_PARAMETER_PACK/@EntryValue" />
    <option name="/Default/CodeStyle/CodeFormatting/CppFormatting/DISABLE_SPACE_CHANGES_BEFORE_TRAILING_COMMENT/@EntryValue" />
    <option name="/Default/CodeStyle/CodeFormatting/CppFormatting/INDENT_PREPROCESSOR_DIRECTIVES/@EntryValue" value="Normal" type="string" />
    <option name="/Default/CodeStyle/CodeFormatting/CppFormatting/PLACE_COMMENTS_AT_FIRST_COLUMN/@EntryValue" />
    <option name="/Default/CodeStyle/CodeFormatting/CppFormatting/ALIGN_FIRST_ARG_BY_PAREN/@EntryValue" value="true" type="bool" />
    <option name="/Default/CodeStyle/CodeFormatting/CppFormatting/ALIGN_MULTILINE_EXPRESSION_BRACES/@EntryValue" value="true" type="bool" />
    <option name="/Default/CodeStyle/CodeFormatting/CppFormatting/OUTDENT_COMMAS/@EntryValue" />
    <option name="/Default/CodeStyle/CodeFormatting/CppFormatting/OUTDENT_DOTS/@EntryValue" />
    <option name="/Default/CodeStyle/CodeFormatting/CppFormatting/INT_ALIGN_DECLARATION_NAMES/@EntryValue" />
    <option name="/Default/CodeStyle/CodeFormatting/CppFormatting/INT_ALIGN_ENUM_INITIALIZERS/@EntryValue" value="true" type="bool" />
    <option name="/Default/CodeStyle/CodeFormatting/CppFormatting/INT_ALIGN_BITFIELD_SIZES/@EntryValue" value="true" type="bool" />
    <option name="/Default/CodeStyle/CodeFormatting/CppFormatting/INT_ALIGN_COMMENTS/@EntryValue" value="true" type="bool" />
  </RiderCodeStyleSettings>
  <files>
    <extensions>
      <pair source="cc" header="hh" fileNamingConvention="SNAKE_CASE" />
      <pair source="c" header="h" fileNamingConvention="SNAKE_CASE" />
      <pair source="cu" header="cuh" fileNamingConvention="NONE" />
      <pair source="ixx" header="" fileNamingConvention="NONE" />
      <pair source="mxx" header="" fileNamingConvention="NONE" />
      <pair source="cppm" header="" fileNamingConvention="NONE" />
      <pair source="ccm" header="" fileNamingConvention="NONE" />
      <pair source="cxxm" header="" fileNamingConvention="NONE" />
      <pair source="c++m" header="" fileNamingConvention="NONE" />
    </extensions>
  </files>
  <codeStyleSettings language="ObjectiveC">
    <indentOptions>
      <option name="USE_TAB_CHARACTER" value="true" />
      <option name="SMART_TABS" value="true" />
      <option name="LABEL_INDENT_ABSOLUTE" value="true" />
    </indentOptions>
  </codeStyleSettings>
</code_scheme>