<profile version="1.0">
  <option name="myName" value="Project Default" />
  <inspection_tool class="ClangTidy" enabled="true" level="WARNING" enabled_by_default="true">
    <option name="preferClangTidyFilesOverIDESettings" value="false" />
  </inspection_tool>
  <inspection_tool class="Clazy" enabled="false" level="WARNING" enabled_by_default="false" />
  <inspection_tool class="EmptyDeclOrStmt" enabled="true" level="WEAK WARNING" enabled_by_default="true" editorAttributes="INFO_ATTRIBUTES" />
  <inspection_tool class="OCInconsistentNaming" enabled="true" level="WEAK WARNING" enabled_by_default="true" />
  <inspection_tool class="PreprocessorComment" enabled="true" level="WEAK WARNING" enabled_by_default="true" editorAttributes="INFO_ATTRIBUTES" />
  <inspection_tool class="Simplify" enabled="true" level="WEAK WARNING" enabled_by_default="true" editorAttributes="INFO_ATTRIBUTES">
    <option name="clangTidyCheckOptions">
      <list>
        <ClangTidyCheckOption>
          <option name="optionName" value="clion-simplify.SimplifyIfWithReturn" />
          <option name="optionValue" value="1" />
        </ClangTidyCheckOption>
      </list>
    </option>
  </inspection_tool>
  <inspection_tool class="UnconstrainedVariableType" enabled="true" level="WARNING" enabled_by_default="true" />
</profile>