<application>
  <component name="GeneralSettings">
    <option name="showTipsOnStartup" value="true" />
  </component>
  <component name="Registry">
    <entry key="ide.windowSystem.autoShowProcessPopup" value="true" />
    <entry key="clang.parameter.info" value="true" />
  </component>
  <component name="StatusBar">
    <option name="widgets">
      <map>
        <entry key="ClangTidyStatusBarWidget" value="false" />
        <entry key="CwmWireStatsWidgetFactory" value="false" />
        <entry key="Memory" value="true" />
        <entry key="RadSendFeedbackWidget" value="false" />
        <entry key="com.intellij.psi.codeStyle.statusbar.CodeStyleStatusBarWidget" value="false" />
        <entry key="git" value="false" />
        <entry key="ocResolveContextPanel" value="false" />
      </map>
    </option>
  </component>
</application>